Search,Video,Link
1,1,https://www.youtube.com/watch?v=AcxZOJxFqJQ&pp=ygUed2hpY2hldmVyIHNpbmNlIDQxNjEyMTQwMzM1NjQz
1,2,https://www.youtube.com/watch?v=Wp9WNuVx2pc&pp=ygUed2hpY2hldmVyIHNpbmNlIDQxNjEyMTQwMzM1NjQz
1,3,https://www.youtube.com/watch?v=xnkyUD_oVdk&pp=ygUed2hpY2hldmVyIHNpbmNlIDQxNjEyMTQwMzM1NjQz
1,4,https://www.youtube.com/watch?v=0WMFZTx01Z0&pp=ygUed2hpY2hldmVyIHNpbmNlIDQxNjEyMTQwMzM1NjQz
1,5,https://www.youtube.com/watch?v=_y7gdNfslJU&pp=ygUed2hpY2hldmVyIHNpbmNlIDQxNjEyMTQwMzM1NjQz0gcJCZkLAYcqIYzv
1,6,https://www.youtube.com/watch?v=cUcuyg3nFOo&pp=ygUed2hpY2hldmVyIHNpbmNlIDQxNjEyMTQwMzM1NjQz
1,7,https://www.youtube.com/watch?v=Ydg35Tunwbk&pp=ygUed2hpY2hldmVyIHNpbmNlIDQxNjEyMTQwMzM1NjQz0gcJCZkLAYcqIYzv
1,8,https://www.youtube.com/watch?v=sKKfmf42gWQ&pp=ygUed2hpY2hldmVyIHNpbmNlIDQxNjEyMTQwMzM1NjQz
1,9,https://www.youtube.com/watch?v=3frXEB5z8Sg&pp=ygUed2hpY2hldmVyIHNpbmNlIDQxNjEyMTQwMzM1NjQz
1,10,https://www.youtube.com/watch?v=0uUI05de6gM&pp=ygUed2hpY2hldmVyIHNpbmNlIDQxNjEyMTQwMzM1NjQz
1,11,https://www.youtube.com/watch?v=2i8LImDfluU&pp=ygUed2hpY2hldmVyIHNpbmNlIDQxNjEyMTQwMzM1NjQz
1,12,https://www.youtube.com/watch?v=bsQA1ZwCnkU&pp=ygUed2hpY2hldmVyIHNpbmNlIDQxNjEyMTQwMzM1NjQz
1,13,https://www.youtube.com/watch?v=iEC1A0lRQL0&pp=ygUed2hpY2hldmVyIHNpbmNlIDQxNjEyMTQwMzM1NjQz
1,14,https://www.youtube.com/watch?v=BN7r5F0jZSU&pp=ygUed2hpY2hldmVyIHNpbmNlIDQxNjEyMTQwMzM1NjQz
1,15,https://www.youtube.com/watch?v=SfAp-Vs2ydQ&pp=ygUed2hpY2hldmVyIHNpbmNlIDQxNjEyMTQwMzM1NjQz
1,16,https://www.youtube.com/watch?v=iO7xN7WELQU&pp=ygUed2hpY2hldmVyIHNpbmNlIDQxNjEyMTQwMzM1NjQz
1,17,https://www.youtube.com/watch?v=5ua_yM9HmdQ&pp=ygUed2hpY2hldmVyIHNpbmNlIDQxNjEyMTQwMzM1NjQz
1,18,https://www.youtube.com/watch?v=CGSz196beRU&pp=ygUed2hpY2hldmVyIHNpbmNlIDQxNjEyMTQwMzM1NjQz
1,19,https://www.youtube.com/watch?v=y1JX8lexYXk&pp=ygUed2hpY2hldmVyIHNpbmNlIDQxNjEyMTQwMzM1NjQz
2,1,https://www.youtube.com/watch?v=kwoCOjYdBIw&pp=ygUTb3ZlciB3aXRob3V0IGhhc24ndNIHCQmZCwGHKiGM7w%3D%3D
2,2,https://www.youtube.com/watch?v=VshBR7ScQ-U&pp=ygUTb3ZlciB3aXRob3V0IGhhc24ndA%3D%3D
2,3,https://www.youtube.com/watch?v=RBavZBieQcM&pp=ygUTb3ZlciB3aXRob3V0IGhhc24ndA%3D%3D
2,4,https://www.youtube.com/watch?v=wGAp00E6Ocw&pp=ygUTb3ZlciB3aXRob3V0IGhhc24ndA%3D%3D
2,5,https://www.youtube.com/watch?v=QPTEenmEDE4&pp=ygUTb3ZlciB3aXRob3V0IGhhc24ndNIHCQmZCwGHKiGM7w%3D%3D
2,6,https://www.youtube.com/watch?v=MSh5Vfj7l5s&pp=ygUTb3ZlciB3aXRob3V0IGhhc24ndNIHCQmZCwGHKiGM7w%3D%3D
2,7,https://www.youtube.com/watch?v=IP6Ee3_HXvI&pp=ygUTb3ZlciB3aXRob3V0IGhhc24ndA%3D%3D
2,8,https://www.youtube.com/watch?v=MwEVu7DwMTs&list=RDMwEVu7DwMTs&start_radio=1&pp=ygUTb3ZlciB3aXRob3V0IGhhc24ndKAHAQ%3D%3D
2,9,https://www.youtube.com/watch?v=Cdg5Rt9w474&pp=ygUTb3ZlciB3aXRob3V0IGhhc24ndA%3D%3D
2,10,https://www.youtube.com/watch?v=Zc0R1BfZTTk&pp=ygUTb3ZlciB3aXRob3V0IGhhc24ndA%3D%3D
2,11,https://www.youtube.com/shorts/aCTWuWT2f_4
2,12,https://www.youtube.com/watch?v=Ox8Vx45QSlE&pp=ygUTb3ZlciB3aXRob3V0IGhhc24ndA%3D%3D
2,13,https://www.youtube.com/watch?v=X1lxZMbcHyM&pp=ygUTb3ZlciB3aXRob3V0IGhhc24ndA%3D%3D
2,14,https://www.youtube.com/watch?v=kadOBtC4xqE&pp=ygUTb3ZlciB3aXRob3V0IGhhc24ndA%3D%3D
3,1,https://www.youtube.com/watch?v=9QW3C3DcNg8&pp=ygUKZ29vZCBzY29sZA%3D%3D
3,2,https://www.youtube.com/shorts/bDDHLDDXvk0
4,1,https://www.youtube.com/watch?v=bI9eAbr3Bjo&pp=ygUSc29vdGhlIHByb2NlZWRpbmdz
4,2,https://www.youtube.com/watch?v=JUb08r7rpRs&pp=ygUSc29vdGhlIHByb2NlZWRpbmdz
4,3,https://www.youtube.com/watch?v=GZw8fRPK-8k&pp=ygUSc29vdGhlIHByb2NlZWRpbmdz0gcJCZkLAYcqIYzv
4,4,https://www.youtube.com/watch?v=dkl8aq30nuA&pp=ygUSc29vdGhlIHByb2NlZWRpbmdz0gcJCZkLAYcqIYzv
4,5,https://www.youtube.com/watch?v=fLUwYvXVPug&list=RDfLUwYvXVPug&start_radio=1&pp=ygUSc29vdGhlIHByb2NlZWRpbmdzoAcB0gcJCZkLAYcqIYzv
4,6,https://www.youtube.com/watch?v=149tYQEhqvY&pp=ygUSc29vdGhlIHByb2NlZWRpbmdz0gcJCZkLAYcqIYzv
4,7,https://www.youtube.com/watch?v=UdmOlNQ9w6g&pp=ygUSc29vdGhlIHByb2NlZWRpbmdz
4,8,https://www.youtube.com/watch?v=KwOmBu2agmU&pp=ygUSc29vdGhlIHByb2NlZWRpbmdz
4,9,https://www.youtube.com/watch?v=0DOrThAOAeA&pp=ygUSc29vdGhlIHByb2NlZWRpbmdz0gcJCZkLAYcqIYzv
4,10,https://www.youtube.com/watch?v=YNtz1hAJmcE&list=RDYNtz1hAJmcE&start_radio=1&pp=ygUSc29vdGhlIHByb2NlZWRpbmdzoAcB
4,11,https://www.youtube.com/watch?v=dYHGixowP94&list=RDdYHGixowP94&start_radio=1&pp=ygUSc29vdGhlIHByb2NlZWRpbmdzoAcB0gcJCZkLAYcqIYzv
4,12,https://www.youtube.com/watch?v=0DOrThAOAeA&pp=ygUSc29vdGhlIHByb2NlZWRpbmdz
4,13,https://www.youtube.com/watch?v=SKYI9TcR4Os&pp=ygUSc29vdGhlIHByb2NlZWRpbmdz
4,14,https://www.youtube.com/watch?v=nyZyGqWZ2Rw&list=RDnyZyGqWZ2Rw&start_radio=1&pp=ygUSc29vdGhlIHByb2NlZWRpbmdzoAcB
4,15,https://www.youtube.com/watch?v=R0ANoTmYH24&pp=ygUSc29vdGhlIHByb2NlZWRpbmdz
4,16,https://www.youtube.com/watch?v=v8qJ12qkfkc&pp=ygUSc29vdGhlIHByb2NlZWRpbmdz0gcJCZkLAYcqIYzv
4,17,https://www.youtube.com/watch?v=GAeLDh012r0&pp=ygUSc29vdGhlIHByb2NlZWRpbmdz
4,18,https://www.youtube.com/watch?v=AcPH1CrQcH0&pp=ygUSc29vdGhlIHByb2NlZWRpbmdz
4,19,https://www.youtube.com/shorts/pVcHJqJKL9w
4,20,https://www.youtube.com/watch?v=-ZmpMyGq9a4&pp=ygUSc29vdGhlIHByb2NlZWRpbmdz
4,21,https://www.youtube.com/watch?v=HUUFbL0uWVY&pp=ygUSc29vdGhlIHByb2NlZWRpbmdz
4,22,https://www.youtube.com/watch?v=cTKnjQJ01CY&pp=ygUSc29vdGhlIHByb2NlZWRpbmdz
4,23,https://www.youtube.com/watch?v=B4GBEXM6FcM&pp=ygUSc29vdGhlIHByb2NlZWRpbmdz
4,24,https://www.youtube.com/watch?v=chKuew7Cq0A&pp=ygUSc29vdGhlIHByb2NlZWRpbmdz
4,25,https://www.youtube.com/shorts/s69P_ZCuyV8
4,26,https://www.youtube.com/watch?v=sG7DBA-mgFY&pp=ygUSc29vdGhlIHByb2NlZWRpbmdz
4,27,https://www.youtube.com/watch?v=DR1uDTxgTko&pp=ygUSc29vdGhlIHByb2NlZWRpbmdz
4,28,https://www.youtube.com/watch?v=NiPnB48s-B0&pp=ygUSc29vdGhlIHByb2NlZWRpbmdz
4,29,https://www.youtube.com/watch?v=MhoBktbmfRs&pp=ygUSc29vdGhlIHByb2NlZWRpbmdz
4,30,https://www.youtube.com/watch?v=5JqLpxHyPpA&pp=ygUSc29vdGhlIHByb2NlZWRpbmdz
5,1,https://www.youtube.com/watch?v=zKdqzvQDtvM&pp=ygUHcGVlcCBhbg%3D%3D
5,2,https://www.youtube.com/watch?v=NRGfSDu14Kk&pp=ygUHcGVlcCBhbg%3D%3D
5,3,https://www.youtube.com/watch?v=cq1PvJm7gB0&pp=ygUHcGVlcCBhbg%3D%3D
5,4,https://www.youtube.com/watch?v=UOAAFy7WBzQ&pp=ygUHcGVlcCBhbtIHCQmZCwGHKiGM7w%3D%3D
5,5,https://www.youtube.com/watch?v=FDBPubHfYKU&pp=ygUHcGVlcCBhbg%3D%3D
5,6,https://www.youtube.com/watch?v=azfaR7LWiMM&pp=ygUHcGVlcCBhbg%3D%3D
5,7,https://www.youtube.com/watch?v=KJJdpTQTo_A&pp=ygUHcGVlcCBhbg%3D%3D
5,8,https://www.youtube.com/watch?v=hkRCPCH1b5c&pp=ygUHcGVlcCBhbg%3D%3D
5,9,https://www.youtube.com/watch?v=UqO7kbxNRd8&pp=ygUHcGVlcCBhbg%3D%3D
5,10,https://www.youtube.com/watch?v=AdAwFUctZD0&pp=ygUHcGVlcCBhbg%3D%3D
5,11,https://www.youtube.com/watch?v=XxApiMRxiFM&pp=ygUHcGVlcCBhbg%3D%3D
5,12,https://www.youtube.com/watch?v=16d1KG4T3U0&pp=ygUHcGVlcCBhbg%3D%3D
5,13,https://www.youtube.com/watch?v=vWy6bi3OMEA&pp=ygUHcGVlcCBhbg%3D%3D
5,14,https://www.youtube.com/watch?v=eXyWVAUH7W8&pp=ygUHcGVlcCBhbg%3D%3D
5,15,https://www.youtube.com/watch?v=6ITy1_Jldjs&pp=ygUHcGVlcCBhbg%3D%3D
5,16,https://www.youtube.com/watch?v=MbOHrYhqmpw&pp=ygUHcGVlcCBhbg%3D%3D
5,17,https://www.youtube.com/watch?v=EfUQE-eWb5M&pp=ygUHcGVlcCBhbg%3D%3D
5,18,https://www.youtube.com/watch?v=Lg2xkO1sGpc&pp=ygUHcGVlcCBhbg%3D%3D
5,19,https://www.youtube.com/watch?v=h3OXjNIp6yY&pp=ygUHcGVlcCBhbg%3D%3D
5,20,https://www.youtube.com/watch?v=6c_n05d6VM8&pp=ygUHcGVlcCBhbg%3D%3D
5,21,https://www.youtube.com/watch?v=H-MVS2cGmA0&pp=ygUHcGVlcCBhbg%3D%3D
5,22,https://www.youtube.com/watch?v=ZM8_gY7blRk&pp=ygUHcGVlcCBhbg%3D%3D
5,23,https://www.youtube.com/watch?v=yhh76ESrHbE&pp=ygUHcGVlcCBhbg%3D%3D
5,24,https://www.youtube.com/watch?v=thbrv83knMQ&pp=ygUHcGVlcCBhbg%3D%3D
5,25,https://www.youtube.com/watch?v=SYH9J2gn6i0&pp=ygUHcGVlcCBhbg%3D%3D
5,26,https://www.youtube.com/watch?v=Vc5kCnkWaT0&pp=ygUHcGVlcCBhbg%3D%3D
5,27,https://www.youtube.com/watch?v=oZO3IYjg4sM&pp=ygUHcGVlcCBhbg%3D%3D
5,28,https://www.youtube.com/watch?v=_yrtjqjx1so&pp=ygUHcGVlcCBhbg%3D%3D
5,29,https://www.youtube.com/watch?v=Tz0KPOXlCbM&pp=ygUHcGVlcCBhbtIHCQmZCwGHKiGM7w%3D%3D
5,30,https://www.youtube.com/watch?v=LD5H4Wv6dX4&pp=ygUHcGVlcCBhbg%3D%3D
6,1,https://www.youtube.com/watch?v=qcySv_6vGwM&pp=ygUGb3RoZXJz0gcJCZkLAYcqIYzv
6,2,https://www.youtube.com/watch?v=RfHY291jCLQ&pp=ygUGb3RoZXJz
6,3,https://www.youtube.com/watch?v=C7pKqaPtMiA&pp=ygUGb3RoZXJz
6,4,https://www.youtube.com/watch?v=kNP7ZWNPP9E&pp=ygUGb3RoZXJz
6,5,https://www.youtube.com/watch?v=HTT2fx7jkxg&pp=ygUGb3RoZXJz
6,6,https://www.youtube.com/watch?v=VE2x4ILE6vc&pp=ygUGb3RoZXJz
6,7,https://www.youtube.com/watch?v=SloC6o1zBBI&list=RDSloC6o1zBBI&start_radio=1&pp=ygUGb3RoZXJzoAcB
6,8,https://www.youtube.com/watch?v=1f9IE3CkB4s&pp=ygUGb3RoZXJz0gcJCZkLAYcqIYzv
6,9,https://www.youtube.com/watch?v=hCo2dTD1LGA&list=RDhCo2dTD1LGA&start_radio=1&pp=ygUGb3RoZXJzoAcB
6,10,https://www.youtube.com/watch?v=HNjX6o7t6NU&list=RDHNjX6o7t6NU&start_radio=1&pp=ygUGb3RoZXJzoAcB
6,11,https://www.youtube.com/watch?v=YgAhGAy2tww&list=RDYgAhGAy2tww&start_radio=1&pp=ygUGb3RoZXJzoAcB
6,12,https://www.youtube.com/watch?v=yTx79nmWTBA&pp=ygUGb3RoZXJz
6,13,https://www.youtube.com/watch?v=Ih_ZAGCfMY0&pp=ygUGb3RoZXJz
6,14,https://www.youtube.com/watch?v=kY1eFzBQvn0&pp=ygUGb3RoZXJz
6,15,https://www.youtube.com/watch?v=woWAQ608JQU&pp=ygUGb3RoZXJz
6,16,https://www.youtube.com/watch?v=G2nrOrCB-Qg&pp=ygUGb3RoZXJz
6,17,https://www.youtube.com/watch?v=zkLLViVuWD4&list=RDzkLLViVuWD4&start_radio=1&pp=ygUGb3RoZXJzoAcB
6,18,https://www.youtube.com/watch?v=ixRLjjTRczE&list=RDixRLjjTRczE&start_radio=1&pp=ygUGb3RoZXJzoAcB0gcJCZkLAYcqIYzv
6,19,https://www.youtube.com/watch?v=Jkj36B1YuDU&list=RDJkj36B1YuDU&start_radio=1&pp=ygUGb3RoZXJzoAcB0gcJCZkLAYcqIYzv
6,20,https://www.youtube.com/watch?v=4pX2GG5IfX0&pp=ygUGb3RoZXJz
6,21,https://www.youtube.com/watch?v=PhqmPrS2-EU&pp=ygUGb3RoZXJz
6,22,https://www.youtube.com/watch?v=kY2XIyxHWv8&list=RDkY2XIyxHWv8&start_radio=1&pp=ygUGb3RoZXJzoAcB
6,23,https://www.youtube.com/watch?v=_jQcbfpMxlg&pp=ygUGb3RoZXJz
6,24,https://www.youtube.com/watch?v=kcNa964eP7Q&pp=ygUGb3RoZXJz
6,25,https://www.youtube.com/watch?v=bpTD5oMzf_M&pp=ygUGb3RoZXJz
6,26,https://www.youtube.com/watch?v=oAfloy8oZII&pp=ygUGb3RoZXJz
6,27,https://www.youtube.com/watch?v=Jw3AFZsI4iw&pp=ygUGb3RoZXJz
6,28,https://www.youtube.com/watch?v=54JVuMtLVHE&list=RD54JVuMtLVHE&start_radio=1&pp=ygUGb3RoZXJzoAcB
6,29,https://www.youtube.com/watch?v=Lv8VKCz3Cdg&list=RDLv8VKCz3Cdg&start_radio=1&pp=ygUGb3RoZXJzoAcB
6,30,https://www.youtube.com/watch?v=5lZGhh41W9k&list=RD5lZGhh41W9k&start_radio=1&pp=ygUGb3RoZXJzoAcB
7,1,https://www.youtube.com/watch?v=wniN2ewH_gE&pp=ygUYbGljZW5jZSBkcnVtIGRlc2lnbmF0aW9u0gcJCZkLAYcqIYzv
7,2,https://www.youtube.com/watch?v=udn8tqEAKi4&pp=ygUYbGljZW5jZSBkcnVtIGRlc2lnbmF0aW9u
7,3,https://www.youtube.com/watch?v=NWkCEeQvNI8&pp=ygUYbGljZW5jZSBkcnVtIGRlc2lnbmF0aW9u
7,4,https://www.youtube.com/watch?v=sHLDGbKvCyQ&pp=ygUYbGljZW5jZSBkcnVtIGRlc2lnbmF0aW9u
7,5,https://www.youtube.com/watch?v=ZFhyh2Zfb_c&pp=ygUYbGljZW5jZSBkcnVtIGRlc2lnbmF0aW9u
7,6,https://www.youtube.com/watch?v=fmOEayc5HBI&pp=ygUYbGljZW5jZSBkcnVtIGRlc2lnbmF0aW9u0gcJCZkLAYcqIYzv
7,7,https://www.youtube.com/watch?v=rfsFHl-KGZs&pp=ygUYbGljZW5jZSBkcnVtIGRlc2lnbmF0aW9u
7,8,https://www.youtube.com/watch?v=PpTpJIAHX2I&pp=ygUYbGljZW5jZSBkcnVtIGRlc2lnbmF0aW9u
7,9,https://www.youtube.com/watch?v=TzC--YGD99g&pp=ygUYbGljZW5jZSBkcnVtIGRlc2lnbmF0aW9u
7,10,https://www.youtube.com/watch?v=FdT6d6Yww0I&pp=ygUYbGljZW5jZSBkcnVtIGRlc2lnbmF0aW9u
7,11,https://www.youtube.com/watch?v=gDiKRc4OyIk&pp=ygUYbGljZW5jZSBkcnVtIGRlc2lnbmF0aW9u
7,12,https://www.youtube.com/watch?v=gXX2SwTDDV4&pp=ygUYbGljZW5jZSBkcnVtIGRlc2lnbmF0aW9u
7,13,https://www.youtube.com/watch?v=6B1ES5uW8D0&pp=ygUYbGljZW5jZSBkcnVtIGRlc2lnbmF0aW9u
7,14,https://www.youtube.com/watch?v=NZb8PdYIGrc&pp=ygUYbGljZW5jZSBkcnVtIGRlc2lnbmF0aW9u
7,15,https://www.youtube.com/watch?v=33eOem4nTaQ&pp=ygUYbGljZW5jZSBkcnVtIGRlc2lnbmF0aW9u
7,16,https://www.youtube.com/watch?v=1pMOMZB6eGM&pp=ygUYbGljZW5jZSBkcnVtIGRlc2lnbmF0aW9u
7,17,https://www.youtube.com/watch?v=GRwt-kQLriw&pp=ygUYbGljZW5jZSBkcnVtIGRlc2lnbmF0aW9u
7,18,https://www.youtube.com/watch?v=dUxpZZMB3AM&pp=ygUYbGljZW5jZSBkcnVtIGRlc2lnbmF0aW9u0gcJCZkLAYcqIYzv
7,19,https://www.youtube.com/watch?v=510bLpBJT3o&pp=ygUYbGljZW5jZSBkcnVtIGRlc2lnbmF0aW9u
7,20,https://www.youtube.com/watch?v=xSwmGmZQSzI&pp=ygUYbGljZW5jZSBkcnVtIGRlc2lnbmF0aW9u
7,21,https://www.youtube.com/watch?v=OjHVXFvbEsE&pp=ygUYbGljZW5jZSBkcnVtIGRlc2lnbmF0aW9u
7,22,https://www.youtube.com/watch?v=Svqz8N7oiQE&pp=ygUYbGljZW5jZSBkcnVtIGRlc2lnbmF0aW9u
7,23,https://www.youtube.com/watch?v=qSqNwpe85mk&pp=ygUYbGljZW5jZSBkcnVtIGRlc2lnbmF0aW9u
7,24,https://www.youtube.com/watch?v=Y8bOPrX_VWA&pp=ygUYbGljZW5jZSBkcnVtIGRlc2lnbmF0aW9u
7,25,https://www.youtube.com/watch?v=m4ppUXw9XGA&pp=ygUYbGljZW5jZSBkcnVtIGRlc2lnbmF0aW9u
7,26,https://www.youtube.com/watch?v=BdPYAYHCnYo&pp=ygUYbGljZW5jZSBkcnVtIGRlc2lnbmF0aW9u
7,27,https://www.youtube.com/watch?v=Y6TrdaFFyfM&pp=ygUYbGljZW5jZSBkcnVtIGRlc2lnbmF0aW9u
7,28,https://www.youtube.com/watch?v=cK0nzaG_SBk&pp=ygUYbGljZW5jZSBkcnVtIGRlc2lnbmF0aW9u
7,29,https://www.youtube.com/watch?v=zHmqtgyakKc&pp=ygUYbGljZW5jZSBkcnVtIGRlc2lnbmF0aW9u
7,30,https://www.youtube.com/watch?v=tjpjWgmvhes&pp=ygUYbGljZW5jZSBkcnVtIGRlc2lnbmF0aW9u
8,1,https://www.youtube.com/shorts/7UqcSgde72I
8,2,https://www.youtube.com/shorts/NlBClz2FGYc
8,3,https://www.youtube.com/shorts/mI-OwTILxKw
8,4,https://www.youtube.com/shorts/IFJ8ugHsr94
8,5,https://www.youtube.com/shorts/d8trpjUlCmw
8,6,https://www.youtube.com/shorts/c90U6HKa87s
8,7,https://www.youtube.com/shorts/J4bkYuhAOdU
8,8,https://www.youtube.com/shorts/hiTEC6404aY
8,9,https://www.youtube.com/shorts/0PXuimTHvF8
8,10,https://www.youtube.com/shorts/A4c7p1eJ6iY
8,11,https://www.youtube.com/shorts/ly52h6yDTF4
8,12,https://www.youtube.com/shorts/qEidhjG-ye0
8,13,https://www.youtube.com/shorts/WspiLt1WBLE
8,14,https://www.youtube.com/shorts/Y5Ac5yrLiOM
8,15,https://www.youtube.com/watch?v=vE8mFDabqD0&pp=ygUQaG9hcnNlIHNvcnJvd2Z1bA%3D%3D
8,16,https://www.youtube.com/shorts/kBqhoAcofs4
8,17,https://www.youtube.com/shorts/1zt9sTu24Fc
8,18,https://www.youtube.com/shorts/-7nvWlhoqnw
8,19,https://www.youtube.com/shorts/w3LL8R6ZaRI
8,20,https://www.youtube.com/shorts/E03udhS3JcA
8,21,https://www.youtube.com/shorts/qqvX0xjj5UU
8,22,https://www.youtube.com/shorts/roYnfX2qx68
8,23,https://www.youtube.com/shorts/BjAhiPHtLYI
8,24,https://www.youtube.com/watch?v=9-rKvhsjwKU&list=RD9-rKvhsjwKU&start_radio=1&pp=ygUQaG9hcnNlIHNvcnJvd2Z1bKAHAQ%3D%3D
8,25,https://www.youtube.com/shorts/H9lhB0b1eRM
8,26,https://www.youtube.com/watch?v=f5MI_f-pdaU&pp=ygUQaG9hcnNlIHNvcnJvd2Z1bNIHCQmZCwGHKiGM7w%3D%3D
8,27,https://www.youtube.com/shorts/txRrqiNW6_0
8,28,https://www.youtube.com/shorts/-LPPfVFfjQk
8,29,https://www.youtube.com/shorts/ZSRncPwztmY
8,30,https://www.youtube.com/shorts/jWLyTk38ZoM
9,1,https://www.youtube.com/watch?v=9wvgmyu4eJ4&pp=ygUPb3Vyc2VsdmVzIHdvbid0
9,2,https://www.youtube.com/watch?v=E5T6DIopJAo&pp=ygUPb3Vyc2VsdmVzIHdvbid0
9,3,https://www.youtube.com/watch?v=mUPUWmwPQe8&list=RDmUPUWmwPQe8&start_radio=1&pp=ygUPb3Vyc2VsdmVzIHdvbid0oAcB
9,4,https://www.youtube.com/watch?v=FSu84sRaTw4&list=RDFSu84sRaTw4&start_radio=1&pp=ygUPb3Vyc2VsdmVzIHdvbid0oAcB
9,5,https://www.youtube.com/watch?v=8utcF9Azbxo&pp=ygUPb3Vyc2VsdmVzIHdvbid0
9,6,https://www.youtube.com/watch?v=BmXbcQCKHe8&pp=ygUPb3Vyc2VsdmVzIHdvbid0
9,7,https://www.youtube.com/watch?v=yiLO_hdqCy4&list=RDyiLO_hdqCy4&start_radio=1&pp=ygUPb3Vyc2VsdmVzIHdvbid0oAcB
9,8,https://www.youtube.com/watch?v=0qZG9F-HSLI&list=RD0qZG9F-HSLI&start_radio=1&pp=ygUPb3Vyc2VsdmVzIHdvbid0oAcB
9,9,https://www.youtube.com/watch?v=aPuitmCY6wg&list=RDaPuitmCY6wg&start_radio=1&pp=ygUPb3Vyc2VsdmVzIHdvbid0oAcB
9,10,https://www.youtube.com/watch?v=nrZxwPwmgrw&list=RDnrZxwPwmgrw&start_radio=1&pp=ygUPb3Vyc2VsdmVzIHdvbid0oAcB
9,11,https://www.youtube.com/watch?v=Q5AHwHt8NwU&pp=ygUPb3Vyc2VsdmVzIHdvbid0
9,12,https://www.youtube.com/watch?v=2hX7oczfowU&list=RD2hX7oczfowU&start_radio=1&pp=ygUPb3Vyc2VsdmVzIHdvbid0oAcB
9,13,https://www.youtube.com/watch?v=3wHOFYbx2kg&list=RD3wHOFYbx2kg&start_radio=1&pp=ygUPb3Vyc2VsdmVzIHdvbid0oAcB
9,14,https://www.youtube.com/watch?v=bHMjWk2fhGI&pp=ygUPb3Vyc2VsdmVzIHdvbid0
9,15,https://www.youtube.com/watch?v=sMLFMK2AjsU&pp=ygUPb3Vyc2VsdmVzIHdvbid0
9,16,https://www.youtube.com/watch?v=u4G1fVCXL38&list=RDu4G1fVCXL38&start_radio=1&pp=ygUPb3Vyc2VsdmVzIHdvbid0oAcB
9,17,https://www.youtube.com/watch?v=BI-ndvqXBtI&pp=ygUPb3Vyc2VsdmVzIHdvbid0
9,18,https://www.youtube.com/watch?v=8UYg_7rw-rI&pp=ygUPb3Vyc2VsdmVzIHdvbid0
9,19,https://www.youtube.com/watch?v=iC_ooPzTGcs&pp=ygUPb3Vyc2VsdmVzIHdvbid0
9,20,https://www.youtube.com/watch?v=qxTIbCsEksY&pp=ygUPb3Vyc2VsdmVzIHdvbid0
9,21,https://www.youtube.com/watch?v=xs6sxPAKbjw&pp=ygUPb3Vyc2VsdmVzIHdvbid0
9,22,https://www.youtube.com/watch?v=2uUSldlKFro&pp=ygUPb3Vyc2VsdmVzIHdvbid0
9,23,https://www.youtube.com/watch?v=zwnIhp3vCvg&list=RDzwnIhp3vCvg&start_radio=1&pp=ygUPb3Vyc2VsdmVzIHdvbid0oAcB
9,24,https://www.youtube.com/watch?v=QiqY5ir4vko&pp=ygUPb3Vyc2VsdmVzIHdvbid0
9,25,https://www.youtube.com/watch?v=CPqys3n8_ZY&pp=ygUPb3Vyc2VsdmVzIHdvbid0
9,26,https://www.youtube.com/watch?v=a7RFS3a7e8U&pp=ygUPb3Vyc2VsdmVzIHdvbid00gcJCZkLAYcqIYzv
9,27,https://www.youtube.com/watch?v=6VnukeBfCi4&pp=ygUPb3Vyc2VsdmVzIHdvbid00gcJCZkLAYcqIYzv
9,28,https://www.youtube.com/watch?v=LCwVtQdKFOg&list=RDLCwVtQdKFOg&start_radio=1&pp=ygUPb3Vyc2VsdmVzIHdvbid0oAcB
9,29,https://www.youtube.com/watch?v=p94To-cMi30&pp=ygUPb3Vyc2VsdmVzIHdvbid0
9,30,https://www.youtube.com/watch?v=6oCVS2iouc8&pp=ygUPb3Vyc2VsdmVzIHdvbid0
10,1,https://www.youtube.com/watch?v=l7n8dcBFMns&pp=ygUDb3Vy
10,2,https://www.youtube.com/watch?v=9tvKby6YNJQ&pp=ygUDb3Vy
10,3,https://www.youtube.com/watch?v=XmtXC_n6X6Q&pp=ygUDb3Vy
10,4,https://www.youtube.com/watch?v=r9PeYPHdpNo&pp=ygUDb3Vy
10,5,https://www.youtube.com/watch?v=mXc1RVpk88E&pp=ygUDb3Vy
10,6,https://www.youtube.com/watch?v=lXoUWCjtnWg&pp=ygUDb3Vy
10,7,https://www.youtube.com/watch?v=bPmW-BUkDq0&pp=ygUDb3Vy
10,8,https://www.youtube.com/watch?v=NkLbs9YT70A&list=RDNkLbs9YT70A&start_radio=1&pp=ygUDb3VyoAcB
10,9,https://www.youtube.com/watch?v=vJ1ycA7fn68&pp=ygUDb3Vy0gcJCZkLAYcqIYzv
10,10,https://www.youtube.com/watch?v=JkaxUblCGz0&pp=ygUDb3Vy
10,11,https://www.youtube.com/watch?v=u7KSzJb9iFA&list=RDu7KSzJb9iFA&start_radio=1&pp=ygUDb3VyoAcB
10,12,https://www.youtube.com/watch?v=ACPeyLMRJ3s&list=RDACPeyLMRJ3s&start_radio=1&pp=ygUDb3VyoAcB
10,13,https://www.youtube.com/watch?v=O8dMPVxAfrs&pp=ygUDb3Vy
10,14,https://www.youtube.com/watch?v=cTQ3Ko9ZKg8&pp=ygUDb3Vy
10,15,https://www.youtube.com/watch?v=QxddU3sjVRY&list=RDQxddU3sjVRY&start_radio=1&pp=ygUDb3VyoAcB
10,16,https://www.youtube.com/watch?v=Qd6nLM2QlWw&pp=ygUDb3Vy
10,17,https://www.youtube.com/watch?v=um2Q9aUecy0&pp=ygUDb3Vy
10,18,https://www.youtube.com/watch?v=V_lgJgBbqWE&list=RDV_lgJgBbqWE&start_radio=1&pp=ygUDb3VyoAcB
10,19,https://www.youtube.com/watch?v=dD6y_LuV568&pp=ygUDb3Vy
10,20,https://www.youtube.com/watch?v=R2DU85qLfJQ&pp=ygUDb3Vy0gcJCZkLAYcqIYzv
10,21,https://www.youtube.com/watch?v=GfO-3Oir-qM&pp=ygUDb3Vy
10,22,https://www.youtube.com/watch?v=2FAlrEhB-WA&list=RD2FAlrEhB-WA&start_radio=1&pp=ygUDb3VyoAcB
10,23,https://www.youtube.com/watch?v=2Z8L4Qed8F8&list=RD2Z8L4Qed8F8&start_radio=1&pp=ygUDb3VyoAcB
10,24,https://www.youtube.com/watch?v=brCRdSxMC0A&list=RDbrCRdSxMC0A&start_radio=1&pp=ygUDb3VyoAcB
10,25,https://www.youtube.com/watch?v=glxULceEEjA&pp=ygUDb3Vy
10,26,https://www.youtube.com/watch?v=Vn7CBtdM3dE&list=RDVn7CBtdM3dE&start_radio=1&pp=ygUDb3VyoAcB
10,27,https://www.youtube.com/watch?v=R-JZ9KsI7YI&list=RDR-JZ9KsI7YI&start_radio=1&pp=ygUDb3VyoAcB
10,28,https://www.youtube.com/watch?v=3CwMwAvU3FE&list=RD3CwMwAvU3FE&start_radio=1&pp=ygUDb3VyoAcB
10,29,https://www.youtube.com/watch?v=ajMqhFz3FIk&list=RDajMqhFz3FIk&start_radio=1&pp=ygUDb3VyoAcB
10,30,https://www.youtube.com/watch?v=sl-YaypwxBk&list=RDsl-YaypwxBk&start_radio=1&pp=ygUDb3VyoAcB
11,1,https://www.youtube.com/watch?v=wQaiRnU_6qs&pp=ygUdWW91J3JlIDUxMzQ3Mjc2OTEzMTkzIHNhdGlzZnk%3D
11,2,https://www.youtube.com/watch?v=NIRp8JDlaPc&pp=ygUdWW91J3JlIDUxMzQ3Mjc2OTEzMTkzIHNhdGlzZnk%3D
11,3,https://www.youtube.com/watch?v=_oY8-Y5zi84&pp=ygUdWW91J3JlIDUxMzQ3Mjc2OTEzMTkzIHNhdGlzZnnSBwkJmQsBhyohjO8%3D
11,4,https://www.youtube.com/watch?v=p5qqBtEjOWQ&pp=ygUdWW91J3JlIDUxMzQ3Mjc2OTEzMTkzIHNhdGlzZnk%3D
11,5,https://www.youtube.com/watch?v=YE1XRIOCuiA&list=RDYE1XRIOCuiA&start_radio=1&pp=ygUdWW91J3JlIDUxMzQ3Mjc2OTEzMTkzIHNhdGlzZnmgBwHSBwkJmQsBhyohjO8%3D
11,6,https://www.youtube.com/watch?v=Ys_JupoR6hI&list=RDYs_JupoR6hI&start_radio=1&pp=ygUdWW91J3JlIDUxMzQ3Mjc2OTEzMTkzIHNhdGlzZnmgBwE%3D
11,7,https://www.youtube.com/watch?v=biO6z-pst34&pp=ygUdWW91J3JlIDUxMzQ3Mjc2OTEzMTkzIHNhdGlzZnk%3D
11,8,https://www.youtube.com/watch?v=4vOzUDGjGWM&list=RD4vOzUDGjGWM&start_radio=1&pp=ygUdWW91J3JlIDUxMzQ3Mjc2OTEzMTkzIHNhdGlzZnmgBwE%3D
11,9,https://www.youtube.com/watch?v=uiniAh9lMaM&list=RDuiniAh9lMaM&start_radio=1&pp=ygUdWW91J3JlIDUxMzQ3Mjc2OTEzMTkzIHNhdGlzZnmgBwE%3D
11,10,https://www.youtube.com/watch?v=mJ8yKKMmBsE&list=RDmJ8yKKMmBsE&start_radio=1&pp=ygUdWW91J3JlIDUxMzQ3Mjc2OTEzMTkzIHNhdGlzZnmgBwE%3D
11,11,https://www.youtube.com/watch?v=dDeRLbRSCSQ&list=RDdDeRLbRSCSQ&start_radio=1&pp=ygUdWW91J3JlIDUxMzQ3Mjc2OTEzMTkzIHNhdGlzZnmgBwE%3D
11,12,https://www.youtube.com/watch?v=CDNb6zyybDg&list=RDCDNb6zyybDg&start_radio=1&pp=ygUdWW91J3JlIDUxMzQ3Mjc2OTEzMTkzIHNhdGlzZnmgBwE%3D
11,13,https://www.youtube.com/watch?v=8I9v8yaaknM&list=RD8I9v8yaaknM&start_radio=1&pp=ygUdWW91J3JlIDUxMzQ3Mjc2OTEzMTkzIHNhdGlzZnmgBwE%3D
11,14,https://www.youtube.com/watch?v=FjAmrRPLOS8&pp=ygUdWW91J3JlIDUxMzQ3Mjc2OTEzMTkzIHNhdGlzZnk%3D
11,15,https://www.youtube.com/watch?v=qO41ZfNXRAc&list=RDqO41ZfNXRAc&start_radio=1&pp=ygUdWW91J3JlIDUxMzQ3Mjc2OTEzMTkzIHNhdGlzZnmgBwE%3D
11,16,https://www.youtube.com/watch?v=oD5Ton9rR-g&list=RDoD5Ton9rR-g&start_radio=1&pp=ygUdWW91J3JlIDUxMzQ3Mjc2OTEzMTkzIHNhdGlzZnmgBwE%3D
11,17,https://www.youtube.com/watch?v=ecNOZL0Rg-8&list=RDecNOZL0Rg-8&start_radio=1&pp=ygUdWW91J3JlIDUxMzQ3Mjc2OTEzMTkzIHNhdGlzZnmgBwE%3D
11,18,https://www.youtube.com/watch?v=uH-iRfKZT1E&list=RDuH-iRfKZT1E&start_radio=1&pp=ygUdWW91J3JlIDUxMzQ3Mjc2OTEzMTkzIHNhdGlzZnmgBwE%3D
11,19,https://www.youtube.com/watch?v=up2taK1v-rU&pp=ygUdWW91J3JlIDUxMzQ3Mjc2OTEzMTkzIHNhdGlzZnk%3D
11,20,https://www.youtube.com/watch?v=NTpnyUcn1OU&pp=ygUdWW91J3JlIDUxMzQ3Mjc2OTEzMTkzIHNhdGlzZnk%3D
11,21,https://www.youtube.com/watch?v=01M03qhoDWs&pp=ygUdWW91J3JlIDUxMzQ3Mjc2OTEzMTkzIHNhdGlzZnk%3D
11,22,https://www.youtube.com/watch?v=w_9jaMKmmwY&list=RDw_9jaMKmmwY&start_radio=1&pp=ygUdWW91J3JlIDUxMzQ3Mjc2OTEzMTkzIHNhdGlzZnmgBwE%3D
11,23,https://www.youtube.com/watch?v=Bfd_qxUCTOg&pp=ygUdWW91J3JlIDUxMzQ3Mjc2OTEzMTkzIHNhdGlzZnk%3D
11,24,https://www.youtube.com/watch?v=AXvqOqgH1ZA&pp=ygUdWW91J3JlIDUxMzQ3Mjc2OTEzMTkzIHNhdGlzZnk%3D
11,25,https://www.youtube.com/watch?v=224o-IPpgh8&pp=ygUdWW91J3JlIDUxMzQ3Mjc2OTEzMTkzIHNhdGlzZnk%3D
11,26,https://www.youtube.com/watch?v=TRfc9PJHQEo&list=RDTRfc9PJHQEo&start_radio=1&pp=ygUdWW91J3JlIDUxMzQ3Mjc2OTEzMTkzIHNhdGlzZnmgBwE%3D
11,27,https://www.youtube.com/watch?v=nGPTyECkCcY&pp=ygUdWW91J3JlIDUxMzQ3Mjc2OTEzMTkzIHNhdGlzZnk%3D
11,28,https://www.youtube.com/watch?v=nrLfUIma3DU&pp=ygUdWW91J3JlIDUxMzQ3Mjc2OTEzMTkzIHNhdGlzZnk%3D
11,29,https://www.youtube.com/watch?v=CxHooxRNAxM&pp=ygUdWW91J3JlIDUxMzQ3Mjc2OTEzMTkzIHNhdGlzZnnSBwkJmQsBhyohjO8%3D
12,1,https://www.youtube.com/watch?v=qzUaQbqq4bY&pp=ygUQa25vd2luZ2x5IGhlciBhbg%3D%3D
12,2,https://www.youtube.com/watch?v=_I_EFcS6x9Y&pp=ygUQa25vd2luZ2x5IGhlciBhbg%3D%3D
12,3,https://www.youtube.com/watch?v=NjHFWzEfgFw&pp=ygUQa25vd2luZ2x5IGhlciBhbg%3D%3D
12,4,https://www.youtube.com/watch?v=Il2xJwcApb4&pp=ygUQa25vd2luZ2x5IGhlciBhbg%3D%3D
12,5,https://www.youtube.com/watch?v=M5Tp96_j2LM&pp=ygUQa25vd2luZ2x5IGhlciBhbg%3D%3D
12,6,https://www.youtube.com/shorts/3Q2A4z2TYrA
12,7,https://www.youtube.com/shorts/d--r9sTfdOM
12,8,https://www.youtube.com/shorts/Vye3bOc9mT0
12,9,https://www.youtube.com/shorts/3jYBXDuithU
12,10,https://www.youtube.com/watch?v=owtbRTiqd3g&pp=ygUQa25vd2luZ2x5IGhlciBhbg%3D%3D
12,11,https://www.youtube.com/watch?v=xI0G7_YUGy0&pp=ygUQa25vd2luZ2x5IGhlciBhbg%3D%3D
12,12,https://www.youtube.com/watch?v=R2vkMB6Riig&pp=ygUQa25vd2luZ2x5IGhlciBhbg%3D%3D
12,13,https://www.youtube.com/shorts/4B4rr3ink1o
12,14,https://www.youtube.com/watch?v=eeSDiGR7VBg&pp=ygUQa25vd2luZ2x5IGhlciBhbg%3D%3D
12,15,https://www.youtube.com/watch?v=DfLJl9K2VCs&pp=ygUQa25vd2luZ2x5IGhlciBhbg%3D%3D
12,16,https://www.youtube.com/watch?v=BW9uVdo7rEw&pp=ygUQa25vd2luZ2x5IGhlciBhbg%3D%3D
12,17,https://www.youtube.com/watch?v=SPunJW0QBlw&pp=ygUQa25vd2luZ2x5IGhlciBhbg%3D%3D
12,18,https://www.youtube.com/watch?v=IzMDA53kJJw&pp=ygUQa25vd2luZ2x5IGhlciBhbg%3D%3D
12,19,https://www.youtube.com/watch?v=r0g7yl9kHhM&pp=ygUQa25vd2luZ2x5IGhlciBhbg%3D%3D
12,20,https://www.youtube.com/watch?v=U0MrLlvJbNY&pp=ygUQa25vd2luZ2x5IGhlciBhbg%3D%3D
12,21,https://www.youtube.com/watch?v=4TLuFdkDgv8&pp=ygUQa25vd2luZ2x5IGhlciBhbg%3D%3D
12,22,https://www.youtube.com/watch?v=KfTl5uJV7Q4&pp=ygUQa25vd2luZ2x5IGhlciBhbg%3D%3D
12,23,https://www.youtube.com/watch?v=0XH-asBbDIA&pp=ygUQa25vd2luZ2x5IGhlciBhbg%3D%3D
12,24,https://www.youtube.com/watch?v=GaDJ0ayPuH4&pp=ygUQa25vd2luZ2x5IGhlciBhbg%3D%3D
12,25,https://www.youtube.com/watch?v=Id2ezFsb3Qk&pp=ygUQa25vd2luZ2x5IGhlciBhbg%3D%3D
12,26,https://www.youtube.com/watch?v=QnsdFWijGic&pp=ygUQa25vd2luZ2x5IGhlciBhbg%3D%3D
12,27,https://www.youtube.com/watch?v=ClW45zoH7sQ&pp=ygUQa25vd2luZ2x5IGhlciBhbg%3D%3D
12,28,https://www.youtube.com/watch?v=XRHQobotEmc&pp=ygUQa25vd2luZ2x5IGhlciBhbg%3D%3D
12,29,https://www.youtube.com/watch?v=V44Xt-z_xp0&pp=ygUQa25vd2luZ2x5IGhlciBhbg%3D%3D
12,30,https://www.youtube.com/watch?v=2g8FKK8MNrY&pp=ygUQa25vd2luZ2x5IGhlciBhbg%3D%3D
13,1,https://www.youtube.com/watch?v=VrKtAv5wH8o&pp=ygUFc3RhbXA%3D
13,2,https://www.youtube.com/watch?v=7bTnH8tShC8&pp=ygUFc3RhbXA%3D
13,3,https://www.youtube.com/watch?v=dLdCUJR6OlY&pp=ygUFc3RhbXA%3D
13,4,https://www.youtube.com/watch?v=lROfjwuTHGQ&pp=ygUFc3RhbXDSBwkJmQsBhyohjO8%3D
13,5,https://www.youtube.com/watch?v=fticDocBxWc&pp=ygUFc3RhbXA%3D
13,6,https://www.youtube.com/watch?v=qEzieTyNxbU&list=RDqEzieTyNxbU&start_radio=1&pp=ygUFc3RhbXCgBwE%3D
13,7,https://www.youtube.com/watch?v=Pev-6tIbLI4&pp=ygUFc3RhbXA%3D
13,8,https://www.youtube.com/watch?v=qIhw9Td4mbc&pp=ygUFc3RhbXA%3D
13,9,https://www.youtube.com/watch?v=MszafmtF174&pp=ygUFc3RhbXA%3D
13,10,https://www.youtube.com/watch?v=BO5P5ekRiVg&pp=ygUFc3RhbXA%3D
13,11,https://www.youtube.com/watch?v=i6sIwSc3jYs&pp=ygUFc3RhbXA%3D
13,12,https://www.youtube.com/shorts/uT7jURUOiGU
13,13,https://www.youtube.com/watch?v=3uGMZ-2SlJI&pp=ygUFc3RhbXDSBwkJmQsBhyohjO8%3D
13,14,https://www.youtube.com/watch?v=gfC1gJNO9cY&pp=ygUFc3RhbXA%3D
13,15,https://www.youtube.com/watch?v=mtcSfq1A2Mk&pp=ygUFc3RhbXA%3D
13,16,https://www.youtube.com/watch?v=2k6G0Uef89c&pp=ygUFc3RhbXA%3D
13,17,https://www.youtube.com/watch?v=cHcVU5cGUNE&list=RDcHcVU5cGUNE&start_radio=1&pp=ygUFc3RhbXCgBwE%3D
13,18,https://www.youtube.com/watch?v=JA2TPK0NeFI&list=RDJA2TPK0NeFI&start_radio=1&pp=ygUFc3RhbXCgBwE%3D
13,19,https://www.youtube.com/watch?v=YGWgNq7nEsQ&pp=ygUFc3RhbXA%3D
13,20,https://www.youtube.com/watch?v=tUCT82t1Y8Q&list=RDtUCT82t1Y8Q&start_radio=1&pp=ygUFc3RhbXCgBwE%3D
13,21,https://www.youtube.com/watch?v=bl-ABuxeWrE&pp=ygUFc3RhbXDSBwkJmQsBhyohjO8%3D
13,22,https://www.youtube.com/watch?v=pcpSX9PhQjo&pp=ygUFc3RhbXA%3D
13,23,https://www.youtube.com/watch?v=pqc4XbNPB1Q&list=RDpqc4XbNPB1Q&start_radio=1&pp=ygUFc3RhbXCgBwE%3D
13,24,https://www.youtube.com/watch?v=MTXkrtnfdr4&pp=ygUFc3RhbXA%3D
13,25,https://www.youtube.com/watch?v=likYKQXBLbw&list=RDlikYKQXBLbw&start_radio=1&pp=ygUFc3RhbXCgBwE%3D
13,26,https://www.youtube.com/watch?v=rZ8h5aMTTIY&pp=ygUFc3RhbXA%3D
13,27,https://www.youtube.com/watch?v=VQDFODPTKGA&pp=ygUFc3RhbXA%3D
13,28,https://www.youtube.com/watch?v=ngOzq5z46vk&pp=ygUFc3RhbXA%3D
13,29,https://www.youtube.com/watch?v=BfKcEigifWg&pp=ygUFc3RhbXA%3D
13,30,https://www.youtube.com/watch?v=iaY8eQHRmXM&pp=ygUFc3RhbXA%3D
14,1,https://www.youtube.com/watch?v=om8OxWQvR1U&pp=ygUgODY1ODY4NjA1NzI1NSB1bmltcHJlc3NpdmVseSBvdXI%3D
14,2,https://www.youtube.com/watch?v=m7u96DZhce8&pp=ygUgODY1ODY4NjA1NzI1NSB1bmltcHJlc3NpdmVseSBvdXI%3D
14,3,https://www.youtube.com/watch?v=8Rc_fzFhVcU&pp=ygUgODY1ODY4NjA1NzI1NSB1bmltcHJlc3NpdmVseSBvdXI%3D
14,4,https://www.youtube.com/watch?v=jOS6kPbDR5Y&pp=ygUgODY1ODY4NjA1NzI1NSB1bmltcHJlc3NpdmVseSBvdXI%3D
14,5,https://www.youtube.com/watch?v=vnTGKFdh-JM&pp=ygUgODY1ODY4NjA1NzI1NSB1bmltcHJlc3NpdmVseSBvdXI%3D
14,6,https://www.youtube.com/watch?v=onQcgTA286c&pp=ygUgODY1ODY4NjA1NzI1NSB1bmltcHJlc3NpdmVseSBvdXI%3D
14,7,https://www.youtube.com/watch?v=ppU7oDJ2lPM&pp=ygUgODY1ODY4NjA1NzI1NSB1bmltcHJlc3NpdmVseSBvdXI%3D
14,8,https://www.youtube.com/watch?v=g10sg9VR74o&pp=ygUgODY1ODY4NjA1NzI1NSB1bmltcHJlc3NpdmVseSBvdXI%3D
14,9,https://www.youtube.com/watch?v=Au_nrJgrqo4&pp=ygUgODY1ODY4NjA1NzI1NSB1bmltcHJlc3NpdmVseSBvdXI%3D
14,10,https://www.youtube.com/watch?v=5PdNnF_MBZo&pp=ygUgODY1ODY4NjA1NzI1NSB1bmltcHJlc3NpdmVseSBvdXI%3D
14,11,https://www.youtube.com/watch?v=icYPeWWOUfs&pp=ygUgODY1ODY4NjA1NzI1NSB1bmltcHJlc3NpdmVseSBvdXI%3D
14,12,https://www.youtube.com/watch?v=p6yHvD7ZNlk&pp=ygUgODY1ODY4NjA1NzI1NSB1bmltcHJlc3NpdmVseSBvdXI%3D
14,13,https://www.youtube.com/watch?v=B0vbxDpPaKQ&pp=ygUgODY1ODY4NjA1NzI1NSB1bmltcHJlc3NpdmVseSBvdXI%3D
14,14,https://www.youtube.com/watch?v=NlE4gnfiN9k&pp=ygUgODY1ODY4NjA1NzI1NSB1bmltcHJlc3NpdmVseSBvdXI%3D
14,15,https://www.youtube.com/watch?v=4pQ8lMdPXuM&pp=ygUgODY1ODY4NjA1NzI1NSB1bmltcHJlc3NpdmVseSBvdXI%3D
14,16,https://www.youtube.com/watch?v=-xDlCxkbqGY&pp=ygUgODY1ODY4NjA1NzI1NSB1bmltcHJlc3NpdmVseSBvdXI%3D
14,17,https://www.youtube.com/watch?v=Wo8KReG40XU&pp=ygUgODY1ODY4NjA1NzI1NSB1bmltcHJlc3NpdmVseSBvdXI%3D
14,18,https://www.youtube.com/watch?v=RjdQ6U8dQqw&pp=ygUgODY1ODY4NjA1NzI1NSB1bmltcHJlc3NpdmVseSBvdXLSBwkJmQsBhyohjO8%3D
14,19,https://www.youtube.com/watch?v=rPbbwzvVqKw&pp=ygUgODY1ODY4NjA1NzI1NSB1bmltcHJlc3NpdmVseSBvdXI%3D
14,20,https://www.youtube.com/watch?v=zYoY5StfPRs&pp=ygUgODY1ODY4NjA1NzI1NSB1bmltcHJlc3NpdmVseSBvdXI%3D
14,21,https://www.youtube.com/watch?v=c3IGIynOaNM&pp=ygUgODY1ODY4NjA1NzI1NSB1bmltcHJlc3NpdmVseSBvdXLSBwkJmQsBhyohjO8%3D
14,22,https://www.youtube.com/watch?v=LSLJPkQ8SlA&pp=ygUgODY1ODY4NjA1NzI1NSB1bmltcHJlc3NpdmVseSBvdXI%3D
14,23,https://www.youtube.com/watch?v=XLM_obtsd8w&pp=ygUgODY1ODY4NjA1NzI1NSB1bmltcHJlc3NpdmVseSBvdXI%3D
14,24,https://www.youtube.com/watch?v=OB6e5WpnvaI&pp=ygUgODY1ODY4NjA1NzI1NSB1bmltcHJlc3NpdmVseSBvdXI%3D
14,25,https://www.youtube.com/watch?v=SHeXIMQGLVA&pp=ygUgODY1ODY4NjA1NzI1NSB1bmltcHJlc3NpdmVseSBvdXLSBwkJmQsBhyohjO8%3D
14,26,https://www.youtube.com/watch?v=B4l1lo9rDXI&pp=ygUgODY1ODY4NjA1NzI1NSB1bmltcHJlc3NpdmVseSBvdXI%3D
14,27,https://www.youtube.com/watch?v=XZbO9H-Su_A&pp=ygUgODY1ODY4NjA1NzI1NSB1bmltcHJlc3NpdmVseSBvdXI%3D
14,28,https://www.youtube.com/watch?v=fAAXSMtcnec&pp=ygUgODY1ODY4NjA1NzI1NSB1bmltcHJlc3NpdmVseSBvdXLSBwkJmQsBhyohjO8%3D
14,29,https://www.youtube.com/watch?v=0t-wIud8aNQ&pp=ygUgODY1ODY4NjA1NzI1NSB1bmltcHJlc3NpdmVseSBvdXLSBwkJmQsBhyohjO8%3D
14,30,https://www.youtube.com/watch?v=z5XTp9eZMxE&pp=ygUgODY1ODY4NjA1NzI1NSB1bmltcHJlc3NpdmVseSBvdXI%3D
15,1,https://www.youtube.com/watch?v=-h9W7GC5Sgk&pp=ygUOdGhvcm91Z2ggd29uJ3Q%3D
15,2,https://www.youtube.com/watch?v=OOMlxq3Yw38&pp=ygUOdGhvcm91Z2ggd29uJ3Q%3D
15,3,https://www.youtube.com/watch?v=Xly7sbG_dqE&pp=ygUOdGhvcm91Z2ggd29uJ3Q%3D
15,4,https://www.youtube.com/watch?v=_XOY41Ma32Y&list=RD_XOY41Ma32Y&start_radio=1&pp=ygUOdGhvcm91Z2ggd29uJ3SgBwE%3D
15,5,https://www.youtube.com/watch?v=iqH3YD13y04&pp=ygUOdGhvcm91Z2ggd29uJ3Q%3D
15,6,https://www.youtube.com/watch?v=7LXBBR0rEfU&pp=ygUOdGhvcm91Z2ggd29uJ3Q%3D
15,7,https://www.youtube.com/shorts/IWGw6fO_oMI
15,8,https://www.youtube.com/watch?v=5Fq0m3krtiM&pp=ygUOdGhvcm91Z2ggd29uJ3Q%3D
15,9,https://www.youtube.com/watch?v=kJX_wWAthj4&list=RDkJX_wWAthj4&start_radio=1&pp=ygUOdGhvcm91Z2ggd29uJ3SgBwE%3D
15,10,https://www.youtube.com/watch?v=hMf1WXaUTOw&pp=ygUOdGhvcm91Z2ggd29uJ3Q%3D
15,11,https://www.youtube.com/watch?v=iYYRvd1Rr6A&pp=ygUOdGhvcm91Z2ggd29uJ3Q%3D
15,12,https://www.youtube.com/watch?v=qjU5rGBB3bk&list=RDqjU5rGBB3bk&start_radio=1&pp=ygUOdGhvcm91Z2ggd29uJ3SgBwE%3D
15,13,https://www.youtube.com/watch?v=-rY533Yzj0E&list=RD-rY533Yzj0E&start_radio=1&pp=ygUOdGhvcm91Z2ggd29uJ3SgBwE%3D
15,14,https://www.youtube.com/watch?v=PQlzn63CniU&pp=ygUOdGhvcm91Z2ggd29uJ3Q%3D
15,15,https://www.youtube.com/watch?v=ZCn9C14m5zI&list=RDZCn9C14m5zI&start_radio=1&pp=ygUOdGhvcm91Z2ggd29uJ3SgBwE%3D
15,16,https://www.youtube.com/watch?v=zd8wRaUgzjs&pp=ygUOdGhvcm91Z2ggd29uJ3Q%3D
15,17,https://www.youtube.com/watch?v=Sf_9-8A7xH4&list=RDSf_9-8A7xH4&start_radio=1&pp=ygUOdGhvcm91Z2ggd29uJ3SgBwE%3D
15,18,https://www.youtube.com/watch?v=MoN9ql6Yymw&list=RDMoN9ql6Yymw&start_radio=1&pp=ygUOdGhvcm91Z2ggd29uJ3SgBwE%3D
15,19,https://www.youtube.com/watch?v=G1Gt0M1M8Fs&list=RDG1Gt0M1M8Fs&start_radio=1&pp=ygUOdGhvcm91Z2ggd29uJ3SgBwE%3D
15,20,https://www.youtube.com/watch?v=emcXHv953ZI&list=RDemcXHv953ZI&start_radio=1&pp=ygUOdGhvcm91Z2ggd29uJ3SgBwE%3D
15,21,https://www.youtube.com/watch?v=HyAri6tG-BU&pp=ygUOdGhvcm91Z2ggd29uJ3Q%3D
15,22,https://www.youtube.com/watch?v=8utcF9Azbxo&pp=ygUOdGhvcm91Z2ggd29uJ3Q%3D
15,23,https://www.youtube.com/watch?v=G5GirwXW5qA&list=RDG5GirwXW5qA&start_radio=1&pp=ygUOdGhvcm91Z2ggd29uJ3SgBwE%3D
15,24,https://www.youtube.com/watch?v=zABLecsR5UE&list=RDzABLecsR5UE&start_radio=1&pp=ygUOdGhvcm91Z2ggd29uJ3SgBwHSBwkJmQsBhyohjO8%3D
15,25,https://www.youtube.com/watch?v=wsdhm8KN-g0&pp=ygUOdGhvcm91Z2ggd29uJ3Q%3D
15,26,https://www.youtube.com/watch?v=aro0oN12Msg&pp=ygUOdGhvcm91Z2ggd29uJ3Q%3D
15,27,https://www.youtube.com/watch?v=C-s82Kdtu48&pp=ygUOdGhvcm91Z2ggd29uJ3Q%3D
15,28,https://www.youtube.com/watch?v=w1rPjrcgD50&list=RDw1rPjrcgD50&start_radio=1&pp=ygUOdGhvcm91Z2ggd29uJ3SgBwE%3D
15,29,https://www.youtube.com/watch?v=rpXDMTlebuw&pp=ygUOdGhvcm91Z2ggd29uJ3Q%3D
15,30,https://www.youtube.com/watch?v=7T55Yym2R_8&pp=ygUOdGhvcm91Z2ggd29uJ3Q%3D
16,1,https://www.youtube.com/watch?v=RgasB8IsS3k&pp=ygUFdGhlaXI%3D
16,2,https://www.youtube.com/watch?v=_RmhgMHCKpM&pp=ygUFdGhlaXI%3D
16,3,https://www.youtube.com/watch?v=xBs6WP7fNyU&pp=ygUFdGhlaXI%3D
16,4,https://www.youtube.com/watch?v=Jw4IjeGPaz0&pp=ygUFdGhlaXI%3D
16,5,https://www.youtube.com/watch?v=tcXRmsCfV54&list=RDtcXRmsCfV54&start_radio=1&pp=ygUFdGhlaXKgBwE%3D
16,6,https://www.youtube.com/watch?v=ho_ZapK0ADE&pp=ygUFdGhlaXI%3D
16,7,https://www.youtube.com/watch?v=o5QWPjbUWJ8&pp=ygUFdGhlaXI%3D
16,8,https://www.youtube.com/watch?v=rj7FfC0t-r4&pp=ygUFdGhlaXI%3D
16,9,https://www.youtube.com/watch?v=Zo9fUjVyRi8&pp=ygUFdGhlaXI%3D
16,10,https://www.youtube.com/watch?v=ojdbDYahiCQ&list=RDojdbDYahiCQ&start_radio=1&pp=ygUFdGhlaXKgBwHSBwkJmQsBhyohjO8%3D
16,11,https://www.youtube.com/watch?v=zbRd3B6eZUM&pp=ygUFdGhlaXLSBwkJmQsBhyohjO8%3D
16,12,https://www.youtube.com/watch?v=5B0TTdTro_4&pp=ygUFdGhlaXI%3D
16,13,https://www.youtube.com/watch?v=JkF-Zf0Z_QM&pp=ygUFdGhlaXI%3D
16,14,https://www.youtube.com/watch?v=P0kWB3hOZSc&pp=ygUFdGhlaXI%3D
16,15,https://www.youtube.com/watch?v=fk0HVruAWBk&pp=ygUFdGhlaXI%3D
16,16,https://www.youtube.com/watch?v=A_rDJ-ckxqA&list=RDA_rDJ-ckxqA&start_radio=1&pp=ygUFdGhlaXKgBwE%3D
16,17,https://www.youtube.com/watch?v=L5wmxAaphig&pp=ygUFdGhlaXI%3D
16,18,https://www.youtube.com/watch?v=rsMwQwCkao4&pp=ygUFdGhlaXI%3D
16,19,https://www.youtube.com/watch?v=MWAnTqQNuHo&pp=ygUFdGhlaXI%3D
16,20,https://www.youtube.com/watch?v=UXsDBG4h_hM&list=RDUXsDBG4h_hM&start_radio=1&pp=ygUFdGhlaXKgBwE%3D
16,21,https://www.youtube.com/watch?v=TwqU78VEmNc&list=RDTwqU78VEmNc&start_radio=1&pp=ygUFdGhlaXKgBwE%3D
16,22,https://www.youtube.com/watch?v=MTpNA-kI50g&pp=ygUFdGhlaXI%3D
16,23,https://www.youtube.com/watch?v=sagZYm5nRfI&pp=ygUFdGhlaXI%3D
16,24,https://www.youtube.com/watch?v=-8OP-7FSEME&pp=ygUFdGhlaXI%3D
16,25,https://www.youtube.com/watch?v=U8aE8PZwmTY&pp=ygUFdGhlaXI%3D
16,26,https://www.youtube.com/watch?v=zKNoU2P0dQc&list=RDzKNoU2P0dQc&start_radio=1&pp=ygUFdGhlaXKgBwE%3D
16,27,https://www.youtube.com/watch?v=xXYOktnR0Ys&list=RDxXYOktnR0Ys&start_radio=1&pp=ygUFdGhlaXKgBwE%3D
16,28,https://www.youtube.com/watch?v=K5SbKV-Uz7A&list=RDK5SbKV-Uz7A&start_radio=1&pp=ygUFdGhlaXKgBwE%3D
16,29,https://www.youtube.com/watch?v=VYPBWHR1GeU&pp=ygUFdGhlaXI%3D
16,30,https://www.youtube.com/watch?v=00WtA1pjVXg&pp=ygUFdGhlaXI%3D
17,1,https://www.youtube.com/watch?v=RFV3UuzTWEY&pp=ygUDdGhl
17,2,https://www.youtube.com/watch?v=-eC7Dt1owuw&pp=ygUDdGhl
17,3,https://www.youtube.com/watch?v=DKql9c7kq4A&pp=ygUDdGhl
17,4,https://www.youtube.com/watch?v=e_04ZrNroTo&list=RDe_04ZrNroTo&start_radio=1&pp=ygUDdGhloAcB
17,5,https://www.youtube.com/watch?v=pJ_3phYKMm0&pp=ygUDdGhl
17,6,https://www.youtube.com/watch?v=z3BRU9-_oyA&pp=ygUDdGhl
17,7,https://www.youtube.com/watch?v=QJh2VoixV3Q&pp=ygUDdGhl
17,8,https://www.youtube.com/watch?v=FNqqwyZUWV8&pp=ygUDdGhl
17,9,https://www.youtube.com/watch?v=joZKjaIjazE&pp=ygUDdGhl
17,10,https://www.youtube.com/watch?v=VjTJvwgJnGc&pp=ygUDdGhl
17,11,https://www.youtube.com/watch?v=kghrUluKOeU&pp=ygUDdGhl
17,12,https://www.youtube.com/watch?v=wbNAiN8FTfc&list=RDwbNAiN8FTfc&start_radio=1&pp=ygUDdGhloAcB0gcJCZkLAYcqIYzv
17,13,https://www.youtube.com/watch?v=Fa_LmgbMGoI&pp=ygUDdGhl
17,14,https://www.youtube.com/watch?v=zz4rsZLcauY&pp=ygUDdGhl
17,15,https://www.youtube.com/watch?v=ZaUhdKIc-yQ&pp=ygUDdGhl
17,16,https://www.youtube.com/watch?v=5IBbe-KICzg&pp=ygUDdGhl
17,17,https://www.youtube.com/watch?v=Fqdwm8X9UyM&pp=ygUDdGhl
17,18,https://www.youtube.com/watch?v=75NQK-Sm1YY&pp=ygUDdGhl
17,19,https://www.youtube.com/watch?v=GkM5zdUHcaQ&pp=ygUDdGhl
17,20,https://www.youtube.com/watch?v=_O82AaZwO7E&list=RD_O82AaZwO7E&start_radio=1&pp=ygUDdGhloAcB
17,21,https://www.youtube.com/watch?v=MY98CSj3Xdo&list=RDMY98CSj3Xdo&start_radio=1&pp=ygUDdGhloAcB
17,22,https://www.youtube.com/watch?v=CjZTB_QoVfY&pp=ygUDdGhl
17,23,https://www.youtube.com/watch?v=Mzw2ttJD2qQ&pp=ygUDdGhl
17,24,https://www.youtube.com/watch?v=Zpm9HUOrZIc&pp=ygUDdGhl
17,25,https://www.youtube.com/watch?v=5vZY80fCqYI&pp=ygUDdGhl
17,26,https://www.youtube.com/watch?v=jPaHUxive30&pp=ygUDdGhl0gcJCZkLAYcqIYzv
17,27,https://www.youtube.com/watch?v=kmjh8kiG-uY&pp=ygUDdGhl
17,28,https://www.youtube.com/watch?v=YM46BU7q1Qk&pp=ygUDdGhl
17,29,https://www.youtube.com/watch?v=HP-MbfHFUqs&list=RDHP-MbfHFUqs&start_radio=1&pp=ygUDdGhloAcB
17,30,https://www.youtube.com/watch?v=p6F9yQzsWI0&pp=ygUDdGhl
18,1,https://www.youtube.com/watch?v=ei3dsyr8A20&pp=ygUCYW7SBwkJmQsBhyohjO8%3D
18,2,https://www.youtube.com/watch?v=3ozsTUl60mU&pp=ygUCYW4%3D
18,3,https://www.youtube.com/watch?v=4-yAFjXssks&pp=ygUCYW4%3D
18,4,https://www.youtube.com/watch?v=URxCQrotfM8&list=RDURxCQrotfM8&start_radio=1&pp=ygUCYW6gBwE%3D
18,5,https://www.youtube.com/watch?v=hq3yfQnllfQ&pp=ygUCYW4%3D
18,6,https://www.youtube.com/watch?v=mm6tZD51_rc&pp=ygUCYW4%3D
18,7,https://www.youtube.com/watch?v=NSoinEryKNA&pp=ygUCYW4%3D
18,8,https://www.youtube.com/watch?v=PyiCHWfBQPY&pp=ygUCYW4%3D
18,9,https://www.youtube.com/watch?v=ODKS-dxjfgI&pp=ygUCYW4%3D
18,10,https://www.youtube.com/watch?v=RxkQB95FAdE&pp=ygUCYW4%3D
18,11,https://www.youtube.com/watch?v=h9ypX7UsBtk&pp=ygUCYW4%3D
18,12,https://www.youtube.com/watch?v=_lrlOrNsZTg&pp=ygUCYW4%3D
18,13,https://www.youtube.com/watch?v=-tijejBvGFk&pp=ygUCYW4%3D
18,14,https://www.youtube.com/watch?v=bhyTtUcujQc&pp=ygUCYW4%3D
18,15,https://www.youtube.com/watch?v=ALdS0Z4Q3Ko&pp=ygUCYW4%3D
18,16,https://www.youtube.com/watch?v=8bggMB_AzEY&pp=ygUCYW4%3D
18,17,https://www.youtube.com/watch?v=gC3LxYxWiD0&pp=ygUCYW4%3D
18,18,https://www.youtube.com/watch?v=t0cHaqaUZ10&pp=ygUCYW4%3D
18,19,https://www.youtube.com/watch?v=14qHQ33NvrA&pp=ygUCYW7SBwkJmQsBhyohjO8%3D
18,20,https://www.youtube.com/watch?v=vaQygiCRFrk&list=RDvaQygiCRFrk&start_radio=1&pp=ygUCYW6gBwE%3D
18,21,https://www.youtube.com/watch?v=00zZdRYBIPE&pp=ygUCYW4%3D
18,22,https://www.youtube.com/watch?v=_6HzoUcx3eo&list=RD_6HzoUcx3eo&start_radio=1&pp=ygUCYW6gBwE%3D
18,23,https://www.youtube.com/watch?v=vUEez2818sE&list=RDvUEez2818sE&start_radio=1&pp=ygUCYW6gBwE%3D
18,24,https://www.youtube.com/watch?v=K0GujQE6Jqc&list=RDK0GujQE6Jqc&start_radio=1&pp=ygUCYW6gBwE%3D
18,25,https://www.youtube.com/watch?v=gDpBFals0jA&pp=ygUCYW4%3D
18,26,https://www.youtube.com/watch?v=6_u_X3_I3Y4&pp=ygUCYW4%3D
18,27,https://www.youtube.com/watch?v=5BxUBxokevU&list=RD5BxUBxokevU&start_radio=1&pp=ygUCYW6gBwE%3D
18,28,https://www.youtube.com/watch?v=5_ShP3fiEhU&list=RD5_ShP3fiEhU&start_radio=1&pp=ygUCYW6gBwE%3D
18,29,https://www.youtube.com/watch?v=14PhAOy7kpM&pp=ygUCYW4%3D
18,30,https://www.youtube.com/watch?v=Xa3ySRe0JpM&pp=ygUCYW4%3D
19,1,https://www.youtube.com/watch?v=jGpJNXJcbTY&pp=ygUNdGhleSBwcmVjaW5jdA%3D%3D
19,2,https://www.youtube.com/watch?v=FjZVlnMJhRI&pp=ygUNdGhleSBwcmVjaW5jdNIHCQmZCwGHKiGM7w%3D%3D
19,3,https://www.youtube.com/watch?v=Z7-XYFe6riI&pp=ygUNdGhleSBwcmVjaW5jdA%3D%3D
19,4,https://www.youtube.com/watch?v=VLlnepBaFuM&pp=ygUNdGhleSBwcmVjaW5jdA%3D%3D
19,5,https://www.youtube.com/watch?v=yz6ptoLffjY&pp=ygUNdGhleSBwcmVjaW5jdA%3D%3D
19,6,https://www.youtube.com/watch?v=4CHGcpU7Udo&pp=ygUNdGhleSBwcmVjaW5jdA%3D%3D
19,7,https://www.youtube.com/watch?v=CfIAe3FI1FQ&pp=ygUNdGhleSBwcmVjaW5jdA%3D%3D
19,8,https://www.youtube.com/watch?v=Ur4Z8C4a3X4&pp=ygUNdGhleSBwcmVjaW5jdNIHCQmZCwGHKiGM7w%3D%3D
19,9,https://www.youtube.com/watch?v=c5SBD8v2oiY&pp=ygUNdGhleSBwcmVjaW5jdA%3D%3D
19,10,https://www.youtube.com/watch?v=kQD5h6sb5P8&pp=ygUNdGhleSBwcmVjaW5jdA%3D%3D
19,11,https://www.youtube.com/watch?v=88Uxj4_h63U&pp=ygUNdGhleSBwcmVjaW5jdNIHCQmZCwGHKiGM7w%3D%3D
19,12,https://www.youtube.com/watch?v=k6b4dY6LmDI&pp=ygUNdGhleSBwcmVjaW5jdA%3D%3D
19,13,https://www.youtube.com/watch?v=ScIGNLyUDR8&pp=ygUNdGhleSBwcmVjaW5jdNIHCQmZCwGHKiGM7w%3D%3D
19,14,https://www.youtube.com/watch?v=3YQILTr2Dmk&pp=ygUNdGhleSBwcmVjaW5jdA%3D%3D
19,15,https://www.youtube.com/watch?v=7sZJlCzbYPI&pp=ygUNdGhleSBwcmVjaW5jdA%3D%3D
19,16,https://www.youtube.com/watch?v=l4I8rsHwipc&pp=ygUNdGhleSBwcmVjaW5jdA%3D%3D
19,17,https://www.youtube.com/watch?v=Z92q7-3krBg&pp=ygUNdGhleSBwcmVjaW5jdA%3D%3D
19,18,https://www.youtube.com/watch?v=0B7XU3sy4D8&pp=ygUNdGhleSBwcmVjaW5jdA%3D%3D
19,19,https://www.youtube.com/watch?v=39gbI-nADSQ&pp=ygUNdGhleSBwcmVjaW5jdA%3D%3D
19,20,https://www.youtube.com/watch?v=GeyH3Uv_Kc0&pp=ygUNdGhleSBwcmVjaW5jdA%3D%3D
19,21,https://www.youtube.com/watch?v=q-sdMe4dbFo&pp=ygUNdGhleSBwcmVjaW5jdA%3D%3D
19,22,https://www.youtube.com/watch?v=GE_9WD3uZ1E&pp=ygUNdGhleSBwcmVjaW5jdA%3D%3D
19,23,https://www.youtube.com/watch?v=0-cGOmunbjs&pp=ygUNdGhleSBwcmVjaW5jdA%3D%3D
19,24,https://www.youtube.com/watch?v=WcvqtB2TXBo&pp=ygUNdGhleSBwcmVjaW5jdA%3D%3D
19,25,https://www.youtube.com/watch?v=z5rsxLLpX_A&pp=ygUNdGhleSBwcmVjaW5jdA%3D%3D
19,26,https://www.youtube.com/watch?v=bc9VEUJ1y9A&pp=ygUNdGhleSBwcmVjaW5jdA%3D%3D
19,27,https://www.youtube.com/watch?v=_t42tG3GMAA&pp=ygUNdGhleSBwcmVjaW5jdA%3D%3D
19,28,https://www.youtube.com/watch?v=qzOHkeuPuGs&pp=ygUNdGhleSBwcmVjaW5jdA%3D%3D
19,29,https://www.youtube.com/watch?v=o2JTovLOEAU&pp=ygUNdGhleSBwcmVjaW5jdNIHCQmZCwGHKiGM7w%3D%3D
19,30,https://www.youtube.com/watch?v=Fj14cekO280&pp=ygUNdGhleSBwcmVjaW5jdNIHCQmZCwGHKiGM7w%3D%3D
20,1,https://www.youtube.com/watch?v=db8CIeEVbZI&pp=ygUQZGVzcGl0ZSBIZXJzIHppcA%3D%3D
20,2,https://www.youtube.com/watch?v=S9OuoYQ3gYg&pp=ygUQZGVzcGl0ZSBIZXJzIHppcA%3D%3D
20,3,https://www.youtube.com/watch?v=md9q_XpzRwo&pp=ygUQZGVzcGl0ZSBIZXJzIHppcA%3D%3D
20,4,https://www.youtube.com/watch?v=FQPe7CVuQKY&pp=ygUQZGVzcGl0ZSBIZXJzIHppcA%3D%3D
20,5,https://www.youtube.com/shorts/BGWlDsLyvX8
20,6,https://www.youtube.com/shorts/RCZpKoA-p1Q
